design,model,mmcif,n_contacts,interface_pLDDT_mean,receptor_chain_id,peptide_chain_id,n_receptor_len,n_peptide_len,iptm,ptm
fold_athaliana_f9f6h0,1,/Users/vishnu/v_files/GT/sem1/Research_sem1/scoop_mik2_af_pipeline/alde_athaliana/fold_athaliana_f9f6h0/fold_athaliana_f9f6h0_model_1.cif,65,86.83902551892554,B,A,685,13,0.88,0.88
fold_athaliana_f9f6h0,0,/Users/vishnu/v_files/GT/sem1/Research_sem1/scoop_mik2_af_pipeline/alde_athaliana/fold_athaliana_f9f6h0/fold_athaliana_f9f6h0_model_0.cif,67,86.73948619456827,B,A,685,13,0.88,0.88
fold_athaliana_f9f6h0,2,/Users/vishnu/v_files/GT/sem1/Research_sem1/scoop_mik2_af_pipeline/alde_athaliana/fold_athaliana_f9f6h0/fold_athaliana_f9f6h0_model_2.cif,62,86.50297804950426,B,A,685,13,0.88,0.88
fold_athaliana_f9f6h0,3,/Users/vishnu/v_files/GT/sem1/Research_sem1/scoop_mik2_af_pipeline/alde_athaliana/fold_athaliana_f9f6h0/fold_athaliana_f9f6h0_model_3.cif,65,85.97095855810856,B,A,685,13,0.88,0.88
fold_athaliana_f9f6h0,4,/Users/vishnu/v_files/GT/sem1/Research_sem1/scoop_mik2_af_pipeline/alde_athaliana/fold_athaliana_f9f6h0/fold_athaliana_f9f6h0_model_4.cif,57,86.82861963937623,B,A,685,13,0.87,0.87
fold_athaliana_a0a0d2xz19,0,/Users/vishnu/v_files/GT/sem1/Research_sem1/scoop_mik2_af_pipeline/alde_athaliana/fold_athaliana_a0a0d2xz19/fold_athaliana_a0a0d2xz19_model_0.cif,65,84.24789364246865,B,A,685,13,0.86,0.88
fold_athaliana_g9ntf3,0,/Users/vishnu/v_files/GT/sem1/Research_sem1/scoop_mik2_af_pipeline/alde_athaliana/fold_athaliana_g9ntf3/fold_athaliana_g9ntf3_model_0.cif,65,83.4783384143634,B,A,685,13,0.86,0.87
fold_athaliana_a0a0d2xz19,3,/Users/vishnu/v_files/GT/sem1/Research_sem1/scoop_mik2_af_pipeline/alde_athaliana/fold_athaliana_a0a0d2xz19/fold_athaliana_a0a0d2xz19_model_3.cif,66,84.12041872185054,B,A,685,13,0.85,0.88
fold_athaliana_a0a0d2xz19,2,/Users/vishnu/v_files/GT/sem1/Research_sem1/scoop_mik2_af_pipeline/alde_athaliana/fold_athaliana_a0a0d2xz19/fold_athaliana_a0a0d2xz19_model_2.cif,66,83.99453360990861,B,A,685,13,0.85,0.88
fold_athaliana_a0a0d2xz19,1,/Users/vishnu/v_files/GT/sem1/Research_sem1/scoop_mik2_af_pipeline/alde_athaliana/fold_athaliana_a0a0d2xz19/fold_athaliana_a0a0d2xz19_model_1.cif,65,83.92194287656788,B,A,685,13,0.85,0.87
fold_athaliana_g9ntf3,3,/Users/vishnu/v_files/GT/sem1/Research_sem1/scoop_mik2_af_pipeline/alde_athaliana/fold_athaliana_g9ntf3/fold_athaliana_g9ntf3_model_3.cif,66,83.69077468407015,B,A,685,13,0.85,0.88
fold_athaliana_g9ntf3,1,/Users/vishnu/v_files/GT/sem1/Research_sem1/scoop_mik2_af_pipeline/alde_athaliana/fold_athaliana_g9ntf3/fold_athaliana_g9ntf3_model_1.cif,68,83.55994447892792,B,A,685,13,0.85,0.87
fold_athaliana_g9ntf3,2,/Users/vishnu/v_files/GT/sem1/Research_sem1/scoop_mik2_af_pipeline/alde_athaliana/fold_athaliana_g9ntf3/fold_athaliana_g9ntf3_model_2.cif,66,83.52568517425334,B,A,685,13,0.85,0.87
fold_athaliana_a0a0d2xz19,4,/Users/vishnu/v_files/GT/sem1/Research_sem1/scoop_mik2_af_pipeline/alde_athaliana/fold_athaliana_a0a0d2xz19/fold_athaliana_a0a0d2xz19_model_4.cif,63,83.87892073226597,B,A,685,13,0.84,0.88
fold_athaliana_g9ntf3,4,/Users/vishnu/v_files/GT/sem1/Research_sem1/scoop_mik2_af_pipeline/alde_athaliana/fold_athaliana_g9ntf3/fold_athaliana_g9ntf3_model_4.cif,64,83.22193593862734,B,A,685,13,0.84,0.88
fold_athaliana_a0a2j8ds38,0,/Users/vishnu/v_files/GT/sem1/Research_sem1/scoop_mik2_af_pipeline/alde_athaliana/fold_athaliana_a0a2j8ds38/fold_athaliana_a0a2j8ds38_model_0.cif,63,82.64229889598937,B,A,685,13,0.82,0.88
fold_athaliana_aoaom9evj7,0,/Users/vishnu/v_files/GT/sem1/Research_sem1/scoop_mik2_af_pipeline/alde_athaliana/fold_athaliana_aoaom9evj7/fold_athaialana_aoaom9evj7_model_0.cif,65,82.52768135753138,B,A,685,13,0.82,0.88
fold_athaliana_a0a2j8ds38,1,/Users/vishnu/v_files/GT/sem1/Research_sem1/scoop_mik2_af_pipeline/alde_athaliana/fold_athaliana_a0a2j8ds38/fold_athaliana_a0a2j8ds38_model_1.cif,69,81.59618975468976,B,A,685,13,0.82,0.87
fold_athaliana_aoaom9evj7,1,/Users/vishnu/v_files/GT/sem1/Research_sem1/scoop_mik2_af_pipeline/alde_athaliana/fold_athaliana_aoaom9evj7/fold_athaialana_aoaom9evj7_model_1.cif,61,82.38753953764814,B,A,685,13,0.81,0.87
fold_athaliana_a0a2j8ds38,3,/Users/vishnu/v_files/GT/sem1/Research_sem1/scoop_mik2_af_pipeline/alde_athaliana/fold_athaliana_a0a2j8ds38/fold_athaliana_a0a2j8ds38_model_3.cif,64,81.98334523809524,B,A,685,13,0.81,0.87
fold_athaliana_a0a2j8ds38,4,/Users/vishnu/v_files/GT/sem1/Research_sem1/scoop_mik2_af_pipeline/alde_athaliana/fold_athaliana_a0a2j8ds38/fold_athaliana_a0a2j8ds38_model_4.cif,65,81.77731168276168,B,A,685,13,0.81,0.87
fold_athaliana_a0a2j8ds38,2,/Users/vishnu/v_files/GT/sem1/Research_sem1/scoop_mik2_af_pipeline/alde_athaliana/fold_athaliana_a0a2j8ds38/fold_athaliana_a0a2j8ds38_model_2.cif,70,81.75204598536385,B,A,685,13,0.81,0.87
fold_athaliana_aoaom9evj7,3,/Users/vishnu/v_files/GT/sem1/Research_sem1/scoop_mik2_af_pipeline/alde_athaliana/fold_athaliana_aoaom9evj7/fold_athaialana_aoaom9evj7_model_3.cif,61,82.08422423887589,B,A,685,13,0.8,0.88
fold_athaliana_aoaom9evj7,2,/Users/vishnu/v_files/GT/sem1/Research_sem1/scoop_mik2_af_pipeline/alde_athaliana/fold_athaliana_aoaom9evj7/fold_athaialana_aoaom9evj7_model_2.cif,59,81.88920294042117,B,A,685,13,0.8,0.88
fold_athaliana_aoaom9evj7,4,/Users/vishnu/v_files/GT/sem1/Research_sem1/scoop_mik2_af_pipeline/alde_athaliana/fold_athaliana_aoaom9evj7/fold_athaialana_aoaom9evj7_model_4.cif,63,81.71543599544194,B,A,685,13,0.79,0.87
fold_athaliana_f9fc73,0,/Users/vishnu/v_files/GT/sem1/Research_sem1/scoop_mik2_af_pipeline/alde_athaliana/fold_athaliana_f9fc73/fold_athaliana_f9fc73_model_0.cif,58,78.64350328718216,B,A,685,13,0.74,0.88
fold_athaliana_f9fc73,3,/Users/vishnu/v_files/GT/sem1/Research_sem1/scoop_mik2_af_pipeline/alde_athaliana/fold_athaliana_f9fc73/fold_athaliana_f9fc73_model_3.cif,58,78.44479009926854,B,A,685,13,0.73,0.88
fold_athaliana_f9fc73,1,/Users/vishnu/v_files/GT/sem1/Research_sem1/scoop_mik2_af_pipeline/alde_athaliana/fold_athaliana_f9fc73/fold_athaliana_f9fc73_model_1.cif,61,78.19999015920327,B,A,685,13,0.73,0.88
fold_athaliana_f9fc73,2,/Users/vishnu/v_files/GT/sem1/Research_sem1/scoop_mik2_af_pipeline/alde_athaliana/fold_athaliana_f9fc73/fold_athaliana_f9fc73_model_2.cif,60,77.83640922919675,B,A,685,13,0.73,0.88
fold_athaliana_f9fc73,4,/Users/vishnu/v_files/GT/sem1/Research_sem1/scoop_mik2_af_pipeline/alde_athaliana/fold_athaliana_f9fc73/fold_athaliana_f9fc73_model_4.cif,54,78.71838283629951,B,A,685,13,0.72,0.88
fold_athaliana_q7sag1,1,/Users/vishnu/v_files/GT/sem1/Research_sem1/scoop_mik2_af_pipeline/alde_athaliana/fold_athaliana_q7sag1/fold_athaliana_q7sag1_model_1.cif,67,76.16592275634814,B,A,685,13,0.69,0.87
fold_athaliana_q7sag1,0,/Users/vishnu/v_files/GT/sem1/Research_sem1/scoop_mik2_af_pipeline/alde_athaliana/fold_athaliana_q7sag1/fold_athaliana_q7sag1_model_0.cif,64,75.80565240857234,B,A,685,13,0.69,0.88
fold_athaliana_q7sag1,2,/Users/vishnu/v_files/GT/sem1/Research_sem1/scoop_mik2_af_pipeline/alde_athaliana/fold_athaliana_q7sag1/fold_athaliana_q7sag1_model_2.cif,64,75.19486976066469,B,A,685,13,0.68,0.87
fold_athaliana_q7sag1,3,/Users/vishnu/v_files/GT/sem1/Research_sem1/scoop_mik2_af_pipeline/alde_athaliana/fold_athaliana_q7sag1/fold_athaliana_q7sag1_model_3.cif,60,75.18221982924483,B,A,685,13,0.68,0.87
fold_athaliana_q7sag1,4,/Users/vishnu/v_files/GT/sem1/Research_sem1/scoop_mik2_af_pipeline/alde_athaliana/fold_athaliana_q7sag1/fold_athaliana_q7sag1_model_4.cif,60,75.01867716450217,B,A,685,13,0.67,0.87
fold_athaliana_rkk80373,1,/Users/vishnu/v_files/GT/sem1/Research_sem1/scoop_mik2_af_pipeline/alde_athaliana/fold_athaliana_rkk80373/fold_athaliana_rkk80373_model_1.cif,63,70.31475122826907,B,A,685,13,0.62,0.88
fold_athaliana_rkk80373,0,/Users/vishnu/v_files/GT/sem1/Research_sem1/scoop_mik2_af_pipeline/alde_athaliana/fold_athaliana_rkk80373/fold_athaliana_rkk80373_model_0.cif,59,70.04541054613935,B,A,685,13,0.62,0.88
fold_athaliana_xokod8,0,/Users/vishnu/v_files/GT/sem1/Research_sem1/scoop_mik2_af_pipeline/alde_athaliana/fold_athaliana_xokod8/fold_athaliana_xokod8_model_0.cif,53,68.84866936208445,B,A,685,13,0.62,0.87
fold_athaliana_xokod8,3,/Users/vishnu/v_files/GT/sem1/Research_sem1/scoop_mik2_af_pipeline/alde_athaliana/fold_athaliana_xokod8/fold_athaliana_xokod8_model_3.cif,33,70.78002710547028,B,A,685,13,0.61,0.87
fold_athaliana_xokod8,2,/Users/vishnu/v_files/GT/sem1/Research_sem1/scoop_mik2_af_pipeline/alde_athaliana/fold_athaliana_xokod8/fold_athaliana_xokod8_model_2.cif,54,69.6336243119021,B,A,685,13,0.61,0.87
fold_athaliana_rkl12880,0,/Users/vishnu/v_files/GT/sem1/Research_sem1/scoop_mik2_af_pipeline/alde_athaliana/fold_athaliana_rkl12880/fold_athaliana_rkl12880_model_0.cif,65,69.34646041458541,B,A,685,13,0.61,0.88
fold_athaliana_xokod8,1,/Users/vishnu/v_files/GT/sem1/Research_sem1/scoop_mik2_af_pipeline/alde_athaliana/fold_athaliana_xokod8/fold_athaliana_xokod8_model_1.cif,50,69.2204166991342,B,A,685,13,0.61,0.87
fold_athaliana_xokod8,4,/Users/vishnu/v_files/GT/sem1/Research_sem1/scoop_mik2_af_pipeline/alde_athaliana/fold_athaliana_xokod8/fold_athaliana_xokod8_model_4.cif,25,72.9610945021645,B,A,685,13,0.6,0.87
fold_athaliana_rkk80373,2,/Users/vishnu/v_files/GT/sem1/Research_sem1/scoop_mik2_af_pipeline/alde_athaliana/fold_athaliana_rkk80373/fold_athaliana_rkk80373_model_2.cif,53,69.72565360818427,B,A,685,13,0.6,0.87
fold_athaliana_rkl12880,2,/Users/vishnu/v_files/GT/sem1/Research_sem1/scoop_mik2_af_pipeline/alde_athaliana/fold_athaliana_rkl12880/fold_athaliana_rkl12880_model_2.cif,60,68.74657206589707,B,A,685,13,0.6,0.88
fold_athaliana_rkl12880,1,/Users/vishnu/v_files/GT/sem1/Research_sem1/scoop_mik2_af_pipeline/alde_athaliana/fold_athaliana_rkl12880/fold_athaliana_rkl12880_model_1.cif,61,68.6529554325456,B,A,685,13,0.6,0.88
fold_athaliana_a0a0d2xvw5,1,/Users/vishnu/v_files/GT/sem1/Research_sem1/scoop_mik2_af_pipeline/alde_athaliana/fold_athaliana_a0a0d2xvw5/fold_athaliana_a0a0d2xvw5_model_1.cif,54,69.9618311287478,B,A,685,13,0.58,0.88
fold_athaliana_a0a0d2xvw5,2,/Users/vishnu/v_files/GT/sem1/Research_sem1/scoop_mik2_af_pipeline/alde_athaliana/fold_athaliana_a0a0d2xvw5/fold_athaliana_a0a0d2xvw5_model_2.cif,52,69.29338059509936,B,A,685,13,0.58,0.87
fold_athaliana_f9fbf1,0,/Users/vishnu/v_files/GT/sem1/Research_sem1/scoop_mik2_af_pipeline/alde_athaliana/fold_athaliana_f9fbf1/fold_athaliana_f9fbf1_model_0.cif,56,67.98542564677386,B,A,685,13,0.58,0.88
fold_athaliana_a0a0d2xvw5,0,/Users/vishnu/v_files/GT/sem1/Research_sem1/scoop_mik2_af_pipeline/alde_athaliana/fold_athaliana_a0a0d2xvw5/fold_athaliana_a0a0d2xvw5_model_0.cif,56,66.44972323683261,B,A,685,13,0.58,0.87
fold_athaliana_rkl12880,3,/Users/vishnu/v_files/GT/sem1/Research_sem1/scoop_mik2_af_pipeline/alde_athaliana/fold_athaliana_rkl12880/fold_athaliana_rkl12880_model_3.cif,51,66.17261612978525,B,A,685,13,0.58,0.88
fold_athaliana_a0a0d2xvw5,3,/Users/vishnu/v_files/GT/sem1/Research_sem1/scoop_mik2_af_pipeline/alde_athaliana/fold_athaliana_a0a0d2xvw5/fold_athaliana_a0a0d2xvw5_model_3.cif,55,69.08796902794177,B,A,685,13,0.57,0.88
fold_athaliana_a0a0d2xvw5,4,/Users/vishnu/v_files/GT/sem1/Research_sem1/scoop_mik2_af_pipeline/alde_athaliana/fold_athaliana_a0a0d2xvw5/fold_athaliana_a0a0d2xvw5_model_4.cif,46,68.55404970512579,B,A,685,13,0.57,0.87
fold_athaliana_a0a0d2xqwo,2,/Users/vishnu/v_files/GT/sem1/Research_sem1/scoop_mik2_af_pipeline/alde_athaliana/fold_athaliana_a0a0d2xqwo/fold_athaliana_a0a0d2xqwo_model_2.cif,53,68.37763982820114,B,A,685,13,0.57,0.88
fold_athaliana_a0a0d2xqwo,0,/Users/vishnu/v_files/GT/sem1/Research_sem1/scoop_mik2_af_pipeline/alde_athaliana/fold_athaliana_a0a0d2xqwo/fold_athaliana_a0a0d2xqwo_model_0.cif,59,68.34519986792868,B,A,685,13,0.57,0.87
fold_athaliana_f9fbf1,1,/Users/vishnu/v_files/GT/sem1/Research_sem1/scoop_mik2_af_pipeline/alde_athaliana/fold_athaliana_f9fbf1/fold_athaliana_f9fbf1_model_1.cif,59,68.10994007569643,B,A,685,13,0.57,0.88
fold_athaliana_a0a0d2xqwo,1,/Users/vishnu/v_files/GT/sem1/Research_sem1/scoop_mik2_af_pipeline/alde_athaliana/fold_athaliana_a0a0d2xqwo/fold_athaliana_a0a0d2xqwo_model_1.cif,60,67.88311372955748,B,A,685,13,0.57,0.88
fold_athaliana_a0a0d2xqwo,3,/Users/vishnu/v_files/GT/sem1/Research_sem1/scoop_mik2_af_pipeline/alde_athaliana/fold_athaliana_a0a0d2xqwo/fold_athaliana_a0a0d2xqwo_model_3.cif,58,67.32713547109022,B,A,685,13,0.57,0.88
fold_athaliana_f9fbf1,2,/Users/vishnu/v_files/GT/sem1/Research_sem1/scoop_mik2_af_pipeline/alde_athaliana/fold_athaliana_f9fbf1/fold_athaliana_f9fbf1_model_2.cif,51,67.50569851880147,B,A,685,13,0.56,0.87
fold_athaliana_f9fbf1,3,/Users/vishnu/v_files/GT/sem1/Research_sem1/scoop_mik2_af_pipeline/alde_athaliana/fold_athaliana_f9fbf1/fold_athaliana_f9fbf1_model_3.cif,59,65.11598206642698,B,A,685,13,0.56,0.88
fold_athaliana_f9fbf1,4,/Users/vishnu/v_files/GT/sem1/Research_sem1/scoop_mik2_af_pipeline/alde_athaliana/fold_athaliana_f9fbf1/fold_athaliana_f9fbf1_model_4.cif,53,66.04125329439951,B,A,685,13,0.55,0.88
fold_athaliana_rkk80373,3,/Users/vishnu/v_files/GT/sem1/Research_sem1/scoop_mik2_af_pipeline/alde_athaliana/fold_athaliana_rkk80373/fold_athaliana_rkk80373_model_3.cif,40,65.52838409090909,B,A,685,13,0.54,0.87
fold_athaliana_rkk91479,0,/Users/vishnu/v_files/GT/sem1/Research_sem1/scoop_mik2_af_pipeline/alde_athaliana/fold_athaliana_rkk91479/fold_athaliana_rkk91479_model_0.cif,62,64.56871111460224,B,A,685,13,0.53,0.88
fold_athaliana_i1rwn2,0,/Users/vishnu/v_files/GT/sem1/Research_sem1/scoop_mik2_af_pipeline/alde_athaliana/fold_athaliana_i1rwn2/fold_athaliana_i1rwn2_model_0.cif,46,65.69320663545392,B,A,685,13,0.52,0.87
fold_athaliana_kil85672,0,/Users/vishnu/v_files/GT/sem1/Research_sem1/scoop_mik2_af_pipeline/alde_athaliana/fold_athaliana_kil85672/fold_athaliana_kil85672_model_0.cif,51,66.19444252044252,B,A,685,13,0.51,0.87
fold_athaliana_rkk91479,2,/Users/vishnu/v_files/GT/sem1/Research_sem1/scoop_mik2_af_pipeline/alde_athaliana/fold_athaliana_rkk91479/fold_athaliana_rkk91479_model_2.cif,47,63.63131221024838,B,A,685,13,0.51,0.88
fold_athaliana_rkk91479,1,/Users/vishnu/v_files/GT/sem1/Research_sem1/scoop_mik2_af_pipeline/alde_athaliana/fold_athaliana_rkk91479/fold_athaliana_rkk91479_model_1.cif,57,63.59718960595934,B,A,685,13,0.51,0.88
fold_athaliana_rkl12880,4,/Users/vishnu/v_files/GT/sem1/Research_sem1/scoop_mik2_af_pipeline/alde_athaliana/fold_athaliana_rkl12880/fold_athaliana_rkl12880_model_4.cif,39,62.54289285251785,B,A,685,13,0.51,0.88
fold_athaliana_i1rwn2,1,/Users/vishnu/v_files/GT/sem1/Research_sem1/scoop_mik2_af_pipeline/alde_athaliana/fold_athaliana_i1rwn2/fold_athaliana_i1rwn2_model_1.cif,47,64.43479390024869,B,A,685,13,0.5,0.87
fold_athaliana_i1rwn2,2,/Users/vishnu/v_files/GT/sem1/Research_sem1/scoop_mik2_af_pipeline/alde_athaliana/fold_athaliana_i1rwn2/fold_athaliana_i1rwn2_model_2.cif,49,63.68919961274553,B,A,685,13,0.5,0.87
fold_athaliana_rkk91479,3,/Users/vishnu/v_files/GT/sem1/Research_sem1/scoop_mik2_af_pipeline/alde_athaliana/fold_athaliana_rkk91479/fold_athaliana_rkk91479_model_3.cif,54,63.57824858706108,B,A,685,13,0.5,0.88
fold_athaliana_kil85672,2,/Users/vishnu/v_files/GT/sem1/Research_sem1/scoop_mik2_af_pipeline/alde_athaliana/fold_athaliana_kil85672/fold_athaliana_kil85672_model_2.cif,40,63.50399075577201,B,A,685,13,0.5,0.87
fold_athaliana_kil85672,1,/Users/vishnu/v_files/GT/sem1/Research_sem1/scoop_mik2_af_pipeline/alde_athaliana/fold_athaliana_kil85672/fold_athaliana_kil85672_model_1.cif,42,63.49264912303305,B,A,685,13,0.5,0.87
fold_athaliana_rkk91479,4,/Users/vishnu/v_files/GT/sem1/Research_sem1/scoop_mik2_af_pipeline/alde_athaliana/fold_athaliana_rkk91479/fold_athaliana_rkk91479_model_4.cif,34,60.97463965283083,B,A,685,13,0.5,0.88
fold_athaliana_f9gop6,0,/Users/vishnu/v_files/GT/sem1/Research_sem1/scoop_mik2_af_pipeline/alde_athaliana/fold_athaliana_f9gop6/fold_athaliana_f9gop6_model_0.cif,55,64.8999363800341,B,A,685,13,0.49,0.88
fold_athaliana_i1rwn2,3,/Users/vishnu/v_files/GT/sem1/Research_sem1/scoop_mik2_af_pipeline/alde_athaliana/fold_athaliana_i1rwn2/fold_athaliana_i1rwn2_model_3.cif,44,64.75893694657613,B,A,685,13,0.49,0.87
fold_athaliana_kil85672,3,/Users/vishnu/v_files/GT/sem1/Research_sem1/scoop_mik2_af_pipeline/alde_athaliana/fold_athaliana_kil85672/fold_athaliana_kil85672_model_3.cif,45,64.66951468253968,B,A,685,13,0.49,0.87
fold_athaliana_g4msi6,0,/Users/vishnu/v_files/GT/sem1/Research_sem1/scoop_mik2_af_pipeline/alde_athaliana/fold_athaliana_g4msi6/fold_athaliana_g4msi6_model_0.cif,60,62.90755523689275,B,A,685,13,0.49,0.87
fold_athaliana_rkk80373,4,/Users/vishnu/v_files/GT/sem1/Research_sem1/scoop_mik2_af_pipeline/alde_athaliana/fold_athaliana_rkk80373/fold_athaliana_rkk80373_model_4.cif,26,61.41147064740815,B,A,685,13,0.49,0.87
fold_athaliana_g9p528,0,/Users/vishnu/v_files/GT/sem1/Research_sem1/scoop_mik2_af_pipeline/alde_athaliana/fold_athaliana_g9p528/fold_athaliana_g9p528_model_0.cif,38,63.22938107579552,B,A,685,13,0.48,0.88
fold_athaliana_g4msi6,1,/Users/vishnu/v_files/GT/sem1/Research_sem1/scoop_mik2_af_pipeline/alde_athaliana/fold_athaliana_g4msi6/fold_athaliana_g4msi6_model_1.cif,38,61.529487041467306,B,A,685,13,0.48,0.88
fold_athaliana_a0a0d2xqwo,4,/Users/vishnu/v_files/GT/sem1/Research_sem1/scoop_mik2_af_pipeline/alde_athaliana/fold_athaliana_a0a0d2xqwo/fold_athaliana_a0a0d2xqwo_model_4.cif,38,61.40603341212881,B,A,685,13,0.48,0.88
fold_athaliana_a0a098dtx8,0,/Users/vishnu/v_files/GT/sem1/Research_sem1/scoop_mik2_af_pipeline/alde_athaliana/fold_athaliana_a0a098dtx8/fold_athaliana_a0a098dtx8_model_0.cif,38,61.08174796365917,B,A,685,13,0.48,0.87
fold_athaliana_f9gop6,1,/Users/vishnu/v_files/GT/sem1/Research_sem1/scoop_mik2_af_pipeline/alde_athaliana/fold_athaliana_f9gop6/fold_athaliana_f9gop6_model_1.cif,49,62.64620684615838,B,A,685,13,0.47,0.88
fold_athaliana_f9gop6,3,/Users/vishnu/v_files/GT/sem1/Research_sem1/scoop_mik2_af_pipeline/alde_athaliana/fold_athaliana_f9gop6/fold_athaliana_f9gop6_model_3.cif,41,61.74550949829304,B,A,685,13,0.47,0.88
fold_athaliana_i1rwn2,4,/Users/vishnu/v_files/GT/sem1/Research_sem1/scoop_mik2_af_pipeline/alde_athaliana/fold_athaliana_i1rwn2/fold_athaliana_i1rwn2_model_4.cif,37,61.52740196852698,B,A,685,13,0.47,0.87
fold_athaliana_a0a098dtx8,1,/Users/vishnu/v_files/GT/sem1/Research_sem1/scoop_mik2_af_pipeline/alde_athaliana/fold_athaliana_a0a098dtx8/fold_athaliana_a0a098dtx8_model_1.cif,28,61.387728187487134,B,A,685,13,0.47,0.87
fold_athaliana_a0a098dtx8,2,/Users/vishnu/v_files/GT/sem1/Research_sem1/scoop_mik2_af_pipeline/alde_athaliana/fold_athaliana_a0a098dtx8/fold_athaliana_a0a098dtx8_model_2.cif,33,61.30084961082689,B,A,685,13,0.47,0.87
fold_athaliana_f9gop6,2,/Users/vishnu/v_files/GT/sem1/Research_sem1/scoop_mik2_af_pipeline/alde_athaliana/fold_athaliana_f9gop6/fold_athaliana_f9gop6_model_2.cif,41,61.098580786083836,B,A,685,13,0.47,0.87
fold_athaliana_g9p528,2,/Users/vishnu/v_files/GT/sem1/Research_sem1/scoop_mik2_af_pipeline/alde_athaliana/fold_athaliana_g9p528/fold_athaliana_g9p528_model_2.cif,36,63.34374539041206,B,A,685,13,0.46,0.87
fold_athaliana_f9gop6,4,/Users/vishnu/v_files/GT/sem1/Research_sem1/scoop_mik2_af_pipeline/alde_athaliana/fold_athaliana_f9gop6/fold_athaliana_f9gop6_model_4.cif,45,61.94309377906044,B,A,685,13,0.46,0.87
fold_athaliana_g9p528,1,/Users/vishnu/v_files/GT/sem1/Research_sem1/scoop_mik2_af_pipeline/alde_athaliana/fold_athaliana_g9p528/fold_athaliana_g9p528_model_1.cif,34,60.52543416305916,B,A,685,13,0.46,0.87
fold_athaliana_kil85672,4,/Users/vishnu/v_files/GT/sem1/Research_sem1/scoop_mik2_af_pipeline/alde_athaliana/fold_athaliana_kil85672/fold_athaliana_kil85672_model_4.cif,42,59.994469065656574,B,A,685,13,0.46,0.87
fold_athaliana_g4msi6,2,/Users/vishnu/v_files/GT/sem1/Research_sem1/scoop_mik2_af_pipeline/alde_athaliana/fold_athaliana_g4msi6/fold_athaliana_g4msi6_model_2.cif,45,59.0142598124098,B,A,685,13,0.46,0.87
fold_athaliana_a0a098dtx8,4,/Users/vishnu/v_files/GT/sem1/Research_sem1/scoop_mik2_af_pipeline/alde_athaliana/fold_athaliana_a0a098dtx8/fold_athaliana_a0a098dtx8_model_4.cif,21,61.417179645090364,B,A,685,13,0.45,0.87
fold_athaliana_g9p528,3,/Users/vishnu/v_files/GT/sem1/Research_sem1/scoop_mik2_af_pipeline/alde_athaliana/fold_athaliana_g9p528/fold_athaliana_g9p528_model_3.cif,30,61.14028824555075,B,A,685,13,0.45,0.87
fold_athaliana_a0a098dtx8,3,/Users/vishnu/v_files/GT/sem1/Research_sem1/scoop_mik2_af_pipeline/alde_athaliana/fold_athaliana_a0a098dtx8/fold_athaliana_a0a098dtx8_model_3.cif,37,60.897024989274996,B,A,685,13,0.45,0.87
fold_athaliana_g4msi6,3,/Users/vishnu/v_files/GT/sem1/Research_sem1/scoop_mik2_af_pipeline/alde_athaliana/fold_athaliana_g4msi6/fold_athaliana_g4msi6_model_3.cif,51,60.75242667218403,B,A,685,13,0.45,0.87
fold_athaliana_g9p528,4,/Users/vishnu/v_files/GT/sem1/Research_sem1/scoop_mik2_af_pipeline/alde_athaliana/fold_athaliana_g9p528/fold_athaliana_g9p528_model_4.cif,40,60.682304238816734,B,A,685,13,0.45,0.88
fold_athaliana_g4msi6,4,/Users/vishnu/v_files/GT/sem1/Research_sem1/scoop_mik2_af_pipeline/alde_athaliana/fold_athaliana_g4msi6/fold_athaliana_g4msi6_model_4.cif,46,60.468535690758515,B,A,685,13,0.44,0.87
