design,model,mmcif,n_contacts,interface_pLDDT_mean,receptor_chain_id,peptide_chain_id,n_receptor_len,n_peptide_len,iptm,ptm
fold_athaliana_a0a098dtx8,0,/Users/vishnu/v_files/GT/sem1/Research_sem1/scoop_mik2_af_pipeline/alde_athaliana/fold_athaliana_a0a098dtx8/fold_athaliana_a0a098dtx8_model_0.cif,38,61.08174796365917,B,A,685,13,0.48,0.87
fold_athaliana_a0a0d2xqwo,2,/Users/vishnu/v_files/GT/sem1/Research_sem1/scoop_mik2_af_pipeline/alde_athaliana/fold_athaliana_a0a0d2xqwo/fold_athaliana_a0a0d2xqwo_model_2.cif,53,68.37763982820114,B,A,685,13,0.57,0.88
fold_athaliana_a0a0d2xvw5,1,/Users/vishnu/v_files/GT/sem1/Research_sem1/scoop_mik2_af_pipeline/alde_athaliana/fold_athaliana_a0a0d2xvw5/fold_athaliana_a0a0d2xvw5_model_1.cif,54,69.9618311287478,B,A,685,13,0.58,0.88
fold_athaliana_a0a0d2xz19,0,/Users/vishnu/v_files/GT/sem1/Research_sem1/scoop_mik2_af_pipeline/alde_athaliana/fold_athaliana_a0a0d2xz19/fold_athaliana_a0a0d2xz19_model_0.cif,65,84.24789364246865,B,A,685,13,0.86,0.88
fold_athaliana_a0a2j8ds38,0,/Users/vishnu/v_files/GT/sem1/Research_sem1/scoop_mik2_af_pipeline/alde_athaliana/fold_athaliana_a0a2j8ds38/fold_athaliana_a0a2j8ds38_model_0.cif,63,82.64229889598937,B,A,685,13,0.82,0.88
fold_athaliana_aoaom9evj7,0,/Users/vishnu/v_files/GT/sem1/Research_sem1/scoop_mik2_af_pipeline/alde_athaliana/fold_athaliana_aoaom9evj7/fold_athaialana_aoaom9evj7_model_0.cif,65,82.52768135753138,B,A,685,13,0.82,0.88
fold_athaliana_f9f6h0,1,/Users/vishnu/v_files/GT/sem1/Research_sem1/scoop_mik2_af_pipeline/alde_athaliana/fold_athaliana_f9f6h0/fold_athaliana_f9f6h0_model_1.cif,65,86.83902551892554,B,A,685,13,0.88,0.88
fold_athaliana_f9fbf1,0,/Users/vishnu/v_files/GT/sem1/Research_sem1/scoop_mik2_af_pipeline/alde_athaliana/fold_athaliana_f9fbf1/fold_athaliana_f9fbf1_model_0.cif,56,67.98542564677386,B,A,685,13,0.58,0.88
fold_athaliana_f9fc73,0,/Users/vishnu/v_files/GT/sem1/Research_sem1/scoop_mik2_af_pipeline/alde_athaliana/fold_athaliana_f9fc73/fold_athaliana_f9fc73_model_0.cif,58,78.64350328718216,B,A,685,13,0.74,0.88
fold_athaliana_f9gop6,0,/Users/vishnu/v_files/GT/sem1/Research_sem1/scoop_mik2_af_pipeline/alde_athaliana/fold_athaliana_f9gop6/fold_athaliana_f9gop6_model_0.cif,55,64.8999363800341,B,A,685,13,0.49,0.88
fold_athaliana_g4msi6,0,/Users/vishnu/v_files/GT/sem1/Research_sem1/scoop_mik2_af_pipeline/alde_athaliana/fold_athaliana_g4msi6/fold_athaliana_g4msi6_model_0.cif,60,62.90755523689275,B,A,685,13,0.49,0.87
fold_athaliana_g9ntf3,0,/Users/vishnu/v_files/GT/sem1/Research_sem1/scoop_mik2_af_pipeline/alde_athaliana/fold_athaliana_g9ntf3/fold_athaliana_g9ntf3_model_0.cif,65,83.4783384143634,B,A,685,13,0.86,0.87
fold_athaliana_g9p528,0,/Users/vishnu/v_files/GT/sem1/Research_sem1/scoop_mik2_af_pipeline/alde_athaliana/fold_athaliana_g9p528/fold_athaliana_g9p528_model_0.cif,38,63.22938107579552,B,A,685,13,0.48,0.88
fold_athaliana_i1rwn2,0,/Users/vishnu/v_files/GT/sem1/Research_sem1/scoop_mik2_af_pipeline/alde_athaliana/fold_athaliana_i1rwn2/fold_athaliana_i1rwn2_model_0.cif,46,65.69320663545392,B,A,685,13,0.52,0.87
fold_athaliana_kil85672,0,/Users/vishnu/v_files/GT/sem1/Research_sem1/scoop_mik2_af_pipeline/alde_athaliana/fold_athaliana_kil85672/fold_athaliana_kil85672_model_0.cif,51,66.19444252044252,B,A,685,13,0.51,0.87
fold_athaliana_q7sag1,1,/Users/vishnu/v_files/GT/sem1/Research_sem1/scoop_mik2_af_pipeline/alde_athaliana/fold_athaliana_q7sag1/fold_athaliana_q7sag1_model_1.cif,67,76.16592275634814,B,A,685,13,0.69,0.87
fold_athaliana_rkk80373,1,/Users/vishnu/v_files/GT/sem1/Research_sem1/scoop_mik2_af_pipeline/alde_athaliana/fold_athaliana_rkk80373/fold_athaliana_rkk80373_model_1.cif,63,70.31475122826907,B,A,685,13,0.62,0.88
fold_athaliana_rkk91479,0,/Users/vishnu/v_files/GT/sem1/Research_sem1/scoop_mik2_af_pipeline/alde_athaliana/fold_athaliana_rkk91479/fold_athaliana_rkk91479_model_0.cif,62,64.56871111460224,B,A,685,13,0.53,0.88
fold_athaliana_rkl12880,0,/Users/vishnu/v_files/GT/sem1/Research_sem1/scoop_mik2_af_pipeline/alde_athaliana/fold_athaliana_rkl12880/fold_athaliana_rkl12880_model_0.cif,65,69.34646041458541,B,A,685,13,0.61,0.88
fold_athaliana_xokod8,0,/Users/vishnu/v_files/GT/sem1/Research_sem1/scoop_mik2_af_pipeline/alde_athaliana/fold_athaliana_xokod8/fold_athaliana_xokod8_model_0.cif,53,68.84866936208445,B,A,685,13,0.62,0.87
